{
  "baseline": {
    "accuracy": 0.890625,
    "f1": 0.8909657320872274,
    "n": 320
  }
}